<?xml version="1.0" encoding="UTF-8"?>
<VirtualModel id="0" userID="FLX" modelVersion="1.0" version="0.1" flexoID="4" description="This virtual model federates 2 excel sheets" name="ExcelVirtualModel">
  <FlexoConcept id="1" userID="FLX" flexoID="8" name="Customer">
    <Inspector id="2" flexoID="9" userID="FLX" inspectorTitle="Customer" />
    <ExcelRowRole id="3" userID="FLX" cloningStrategy="Reference" flexoID="25" description="A row in the customer sheet is a customer" container="customers_sheet" name="customer_row" cardinality="ZeroOne">
      <BasicExcelModelSlot idref="4" />
    </ExcelRowRole>
    <CreationScheme id="5" userID="FLX" width="800" label="create" height="600" flexoID="12" name="create">
      <BehaviourControlGraph_AssignationAction id="6" userID="FLX" flexoID="29" assign="customer_row">
        <AssignableAction_ExpressionAction id="7" expression="parameters.row_parameter" flexoID="28" userID="FLX" />
      </BehaviourControlGraph_AssignationAction>
      <GenericBehaviourParameter id="8" userID="FLX" type="org.openflexo.technologyadapter.excel.model.ExcelRow" flexoID="27" name="row_parameter" widget="CUSTOM_WIDGET" />
    </CreationScheme>
    <DeletionScheme id="9" userID="FLX" width="800" label="deletion" height="600" flexoID="13" name="deletion">
      <BehaviourControlGraph_EmptyControlGraph id="10" flexoID="93" userID="FLX" />
    </DeletionScheme>
    <CreationScheme id="11" userID="FLX" width="800" label="add" height="600" flexoID="174" description="Add a new Customer" name="add">
      <BehaviourControlGraph_Sequence id="12" flexoID="186" userID="FLX">
        <ControlGraph1_AssignationAction id="13" userID="FLX" flexoID="183" ownerContext="controlGraph1" assign="customer_row">
          <AssignableAction_AddExcelRow id="14" userID="FLX" flexoID="182" excelSheet="customers_sheet" rowIndex="customers_sheet.excelRows.size">
            <BasicExcelModelSlot idref="4" />
          </AssignableAction_AddExcelRow>
        </ControlGraph1_AssignationAction>
        <ControlGraph2_Sequence id="15" flexoID="195" ownerContext="controlGraph2" userID="FLX">
          <ControlGraph1_AddExcelCell id="16" cellType="String" userID="FLX" row="customer_row" flexoID="185" ownerContext="controlGraph1" value="parameters.name_parameter" columnIndex="0">
            <BasicExcelModelSlot idref="4" />
          </ControlGraph1_AddExcelCell>
          <ControlGraph2_Sequence id="17" flexoID="196" ownerContext="controlGraph2" userID="FLX">
            <ControlGraph1_AddExcelCell id="18" cellType="String" userID="FLX" row="customer_row" flexoID="188" ownerContext="controlGraph1" value="parameters.occupation_parameter" columnIndex="1">
              <BasicExcelModelSlot idref="4" />
            </ControlGraph1_AddExcelCell>
            <ControlGraph2_Sequence id="19" flexoID="197" ownerContext="controlGraph2" userID="FLX">
              <ControlGraph1_AddExcelCell id="20" cellType="String" userID="FLX" row="customer_row" flexoID="190" ownerContext="controlGraph1" value="parameters.company_parameter" columnIndex="2">
                <BasicExcelModelSlot idref="4" />
              </ControlGraph1_AddExcelCell>
              <ControlGraph2_Sequence id="21" flexoID="198" ownerContext="controlGraph2" userID="FLX">
                <ControlGraph1_AddExcelCell id="22" cellType="String" userID="FLX" row="customer_row" flexoID="192" ownerContext="controlGraph1" value="parameters.address_parameter" columnIndex="3">
                  <BasicExcelModelSlot idref="4" />
                </ControlGraph1_AddExcelCell>
                <ControlGraph2_AddExcelCell id="23" cellType="Numeric" userID="FLX" row="customer_row" flexoID="194" ownerContext="controlGraph2" value="parameters.salary_parameter" columnIndex="4">
                  <BasicExcelModelSlot idref="4" />
                </ControlGraph2_AddExcelCell>
              </ControlGraph2_Sequence>
            </ControlGraph2_Sequence>
          </ControlGraph2_Sequence>
        </ControlGraph2_Sequence>
      </BehaviourControlGraph_Sequence>
      <GenericBehaviourParameter id="24" userID="FLX" type="java.lang.String" flexoID="176" name="name_parameter" widget="CUSTOM_WIDGET" />
      <GenericBehaviourParameter id="25" userID="FLX" type="java.lang.String" flexoID="177" name="occupation_parameter" widget="TEXT_FIELD" />
      <GenericBehaviourParameter id="26" userID="FLX" type="java.lang.String" flexoID="178" name="company_parameter" widget="TEXT_FIELD" />
      <GenericBehaviourParameter id="27" userID="FLX" type="java.lang.String" flexoID="179" name="address_parameter" widget="TEXT_FIELD" />
      <GenericBehaviourParameter id="28" userID="FLX" type="java.lang.Integer" flexoID="180" name="salary_parameter" widget="INTEGER" />
    </CreationScheme>
  </FlexoConcept>
  <FlexoConcept id="29" userID="FLX" flexoID="242" name="Company">
    <Inspector id="30" flexoID="243" userID="FLX" inspectorTitle="Company" />
    <FlexoConceptInstanceRole id="31" userID="FLX" virtualModelInstance="virtualModelInstance" cloningStrategy="Reference" flexoID="249" name="customers" flexoConceptTypeURI="http://org.openflexo.tutoexcel/ExcelVirtualModel#Customer" cardinality="ZeroMany" />
    <ExcelCellRole id="32" userID="FLX" cloningStrategy="Reference" flexoID="281" name="name_cell" cardinality="ZeroOne">
      <BasicExcelModelSlot idref="4" />
    </ExcelCellRole>
    <ExpressionProperty id="33" expression="name_cell.cellValueAsString" flexoID="350" name="company_name" userID="FLX" />
    <CreationScheme id="34" userID="FLX" width="800" label="create" height="600" flexoID="246" name="create">
      <BehaviourControlGraph_AssignationAction id="35" userID="FLX" flexoID="265" assign="name_cell">
        <AssignableAction_AddExcelCell id="36" cellType="String" userID="FLX" isRowIndex="true" flexoID="264" description="" rowIndex="companies_sheet.excelRows.size" value="parameters.name" columnIndex="0" sheet="companies_sheet">
          <BasicExcelModelSlot idref="4" />
        </AssignableAction_AddExcelCell>
      </BehaviourControlGraph_AssignationAction>
      <GenericBehaviourParameter id="37" userID="FLX" type="java.lang.String" flexoID="271" name="name" widget="TEXT_FIELD" />
    </CreationScheme>
    <DeletionScheme id="38" userID="FLX" width="800" label="delete" height="600" flexoID="247" name="delete">
      <BehaviourControlGraph_EmptyControlGraph id="39" flexoID="272" userID="FLX" />
    </DeletionScheme>
  </FlexoConcept>
  <Inspector id="40" flexoID="1" userID="FLX" inspectorTitle="ExcelVirtualModel" />
  <GetSetProperty id="41" flexoID="17" description="The workbook's sheet with customers" userID="FLX" name="customers_sheet">
    <SetControlGraph_EmptyControlGraph id="42" flexoID="18" ownerContext="setControlGraph" userID="FLX" />
    <GetControlGraph_ReturnStatement id="43" flexoID="20" ownerContext="getControlGraph" userID="FLX">
      <AssignableAction_ExpressionAction id="44" expression="customers_workbook.getExcelSheetByName(&quot;CustomersSheet&quot;)" flexoID="19" userID="FLX" />
    </GetControlGraph_ReturnStatement>
  </GetSetProperty>
  <GetSetProperty id="45" flexoID="237" userID="FLX" name="companies_sheet">
    <SetControlGraph_EmptyControlGraph id="46" flexoID="273" ownerContext="setControlGraph" userID="FLX" />
    <GetControlGraph_ReturnStatement id="47" flexoID="239" ownerContext="getControlGraph" userID="FLX">
      <AssignableAction_ExpressionAction id="48" expression="companies_workbook.getExcelSheetAtPosition(0)" flexoID="238" userID="FLX" />
    </GetControlGraph_ReturnStatement>
  </GetSetProperty>
  <ModelSlot_BasicExcelModelSlot id="4" userID="FLX" cloningStrategy="Reference" flexoID="14" isRequired="true" description="The excel workbook with customers" name="customers_workbook" cardinality="ZeroOne">
    <BasicExcelModelSlot idref="4" />
  </ModelSlot_BasicExcelModelSlot>
  <ModelSlot_BasicExcelModelSlot id="49" userID="FLX" cloningStrategy="Reference" flexoID="236" isRequired="true" description="This is the workbook with companies" name="companies_workbook" cardinality="ZeroOne">
    <BasicExcelModelSlot idref="49" />
  </ModelSlot_BasicExcelModelSlot>
  <SynchronizationScheme id="50" userID="FLX" width="800" label="synchronizationScheme" height="600" flexoID="30" description="Synchonize federated model with excel sheets" name="synchronizationScheme">
    <BehaviourControlGraph_Sequence id="51" flexoID="309" userID="FLX">
      <ControlGraph1_IterationAction id="52" iteratorName="row" userID="FLX" flexoID="34" ownerContext="controlGraph1">
        <ControlGraph_MatchFlexoConceptInstance id="53" userID="FLX" virtualModelInstance="virtualModelInstance" flexoID="40" creationSchemeURI="http://org.openflexo.tutoexcel/ExcelVirtualModel#Customer.create" ownerContext="controlGraph">
          <MatchingCriteria id="54" flexoID="42" userID="FLX" value="row" patternRoleName="customer_row" />
          <CreateFlexoConceptInstanceParameter id="55" flexoID="41" userID="FLX" value="row" paramName="row_parameter" />
        </ControlGraph_MatchFlexoConceptInstance>
        <Iteration_SelectExcelRow id="56" flexoID="37" ownerContext="iterationControlGraph" excelSheet="customers_sheet" userID="FLX">
          <Condition id="57" flexoID="225" condition="(selected.rowNum != 0)" userID="FLX" />
          <BasicExcelModelSlot idref="4" />
        </Iteration_SelectExcelRow>
      </ControlGraph1_IterationAction>
      <ControlGraph2_ExpressionAction id="58" expression="virtualModelInstance.updateCompanies()" flexoID="308" ownerContext="controlGraph2" userID="FLX" />
    </BehaviourControlGraph_Sequence>
  </SynchronizationScheme>
  <ActionScheme id="59" userID="FLX" width="800" label="addCustomer" height="600" flexoID="202" name="addCustomer">
    <BehaviourControlGraph_AddFlexoConceptInstance id="60" userID="FLX" virtualModelInstance="virtualModelInstance" flexoID="213" creationSchemeURI="http://org.openflexo.tutoexcel/ExcelVirtualModel#Customer.add">
      <AddFlexoConceptInstanceParameter id="61" flexoID="215" userID="FLX" value="parameters.name_parameter" paramName="name_parameter" />
      <AddFlexoConceptInstanceParameter id="62" flexoID="216" userID="FLX" value="parameters.occupation_parameter" paramName="occupation_parameter" />
      <AddFlexoConceptInstanceParameter id="63" flexoID="217" userID="FLX" value="parameters.company_parameter" paramName="company_parameter" />
      <AddFlexoConceptInstanceParameter id="64" flexoID="218" userID="FLX" value="parameters.address_parameter" paramName="address_parameter" />
      <AddFlexoConceptInstanceParameter id="65" flexoID="219" userID="FLX" value="parameters.salary_parameter" paramName="salary_parameter" />
    </BehaviourControlGraph_AddFlexoConceptInstance>
    <GenericBehaviourParameter id="66" userID="FLX" type="java.lang.String" flexoID="220" isRequired="true" name="name_parameter" widget="TEXT_FIELD" />
    <GenericBehaviourParameter id="67" userID="FLX" type="java.lang.String" flexoID="221" isRequired="true" name="occupation_parameter" widget="TEXT_FIELD" />
    <GenericBehaviourParameter id="68" userID="FLX" type="java.lang.String" flexoID="222" isRequired="true" name="company_parameter" widget="TEXT_FIELD" />
    <GenericBehaviourParameter id="69" userID="FLX" type="java.lang.String" flexoID="223" isRequired="true" name="address_parameter" widget="TEXT_FIELD" />
    <GenericBehaviourParameter id="70" userID="FLX" type="java.lang.Integer" flexoID="224" isRequired="true" name="salary_parameter" widget="INTEGER" />
  </ActionScheme>
  <ActionScheme id="71" userID="FLX" width="800" label="updateCompanies" height="600" flexoID="250" name="updateCompanies">
    <BehaviourControlGraph_IterationAction id="72" iteratorName="customer" userID="FLX" flexoID="254">
      <ControlGraph_Sequence id="73" flexoID="376" ownerContext="controlGraph" userID="FLX">
        <ControlGraph1_DeclarationAction id="74" flexoID="373" ownerContext="controlGraph1" variable="company" userID="FLX">
          <AssignableAction_MatchFlexoConceptInstance id="75" userID="FLX" virtualModelInstance="virtualModelInstance" flexoID="368" creationSchemeURI="http://org.openflexo.tutoexcel/ExcelVirtualModel#Company.create">
            <MatchingCriteria id="76" flexoID="370" userID="FLX" patternRoleName="customers" />
            <MatchingCriteria id="77" flexoID="371" userID="FLX" patternRoleName="name_cell" />
            <MatchingCriteria id="78" flexoID="372" userID="FLX" value="customer.customer_row.getCellAt(2).cellValueAsString" patternRoleName="company_name" />
            <CreateFlexoConceptInstanceParameter id="79" flexoID="369" userID="FLX" value="customer.customer_row.getCellAt(2).cellValueAsString" paramName="name" />
          </AssignableAction_MatchFlexoConceptInstance>
        </ControlGraph1_DeclarationAction>
        <ControlGraph2_AddToListAction id="80" userID="FLX" list="company.customers" flexoID="375" ownerContext="controlGraph2">
          <AssignableAction_ExpressionAction id="81" expression="customer" flexoID="374" userID="FLX" />
        </ControlGraph2_AddToListAction>
      </ControlGraph_Sequence>
      <Iteration_SelectFlexoConceptInstance id="82" userID="FLX" virtualModelInstance="virtualModelInstance" flexoID="258" ownerContext="iterationControlGraph" flexoConceptTypeURI="http://org.openflexo.tutoexcel/ExcelVirtualModel#Customer" />
    </BehaviourControlGraph_IterationAction>
  </ActionScheme>
</VirtualModel>
