<?xml version="1.0" encoding="UTF-8"?>
<FMLRTVirtualModelInstance id="0" virtualModelURI="http://www.openflexo.org/MULTIProcessChallenge/MULTIProcessChallenge.prj/Acme/AcmeMetaModel.fml" modelVersion="1.0" title="AcmeModel" version="0.1" flexoConceptURI="http://www.openflexo.org/MULTIProcessChallenge/MULTIProcessChallenge.prj/Acme/AcmeMetaModel.fml" userID="SYL" flexoID="1">
  <FlexoConceptInstance id="1" flexoConceptURI="http://www.openflexo.org/MULTIProcessChallenge/MetaModel.fml#ProcessType" userID="SYL" flexoID="2">
    <PrimitiveActorReference id="2" valueAsString="SoftwareEngineeringProcess" roleName="name" userID="SYL" flexoID="11" />
    <PrimitiveActorReference id="3" valueAsString="dd/MM/yy HH:mm,18/03/21 12:11" roleName="lastUpdated" userID="SYL" flexoID="12" />
    <ModelObjectActorReference id="4" objectReference="http://www.openflexo.org/MULTIProcessChallenge/AcmeModel.fml.rt#SYL_45" roleName="initialTaskType" userID="SYL" flexoID="49" />
    <ModelObjectActorReference id="5" objectReference="http://www.openflexo.org/MULTIProcessChallenge/AcmeModel.fml.rt#SYL_46" roleName="taskTypes" userID="SYL" flexoID="50" />
    <ModelObjectActorReference id="6" objectReference="http://www.openflexo.org/MULTIProcessChallenge/AcmeModel.fml.rt#SYL_47" roleName="gateways" userID="SYL" flexoID="51" />
    <ModelObjectActorReference id="7" objectReference="http://www.openflexo.org/MULTIProcessChallenge/AcmeModel.fml.rt#SYL_48" roleName="gateways" userID="SYL" flexoID="52" />
    <ModelObjectActorReference id="8" objectReference="http://www.openflexo.org/MULTIProcessChallenge/AcmeModel.fml.rt#SYL_64" roleName="taskTypes" userID="SYL" flexoID="72" />
    <ModelObjectActorReference id="9" objectReference="http://www.openflexo.org/MULTIProcessChallenge/AcmeModel.fml.rt#SYL_65" roleName="taskTypes" userID="SYL" flexoID="73" />
    <ModelObjectActorReference id="10" objectReference="http://www.openflexo.org/MULTIProcessChallenge/AcmeModel.fml.rt#SYL_66" roleName="taskTypes" userID="SYL" flexoID="74" />
    <ModelObjectActorReference id="11" objectReference="http://www.openflexo.org/MULTIProcessChallenge/AcmeModel.fml.rt#SYL_67" roleName="gateways" userID="SYL" flexoID="75" />
    <ModelObjectActorReference id="12" objectReference="http://www.openflexo.org/MULTIProcessChallenge/AcmeModel.fml.rt#SYL_68" roleName="taskTypes" userID="SYL" flexoID="76" />
    <ModelObjectActorReference id="13" objectReference="http://www.openflexo.org/MULTIProcessChallenge/AcmeModel.fml.rt#SYL_69" roleName="gateways" userID="SYL" flexoID="77" />
    <ModelObjectActorReference id="14" objectReference="http://www.openflexo.org/MULTIProcessChallenge/AcmeModel.fml.rt#SYL_70" roleName="gateways" userID="SYL" flexoID="78" />
    <ModelObjectActorReference id="15" objectReference="http://www.openflexo.org/MULTIProcessChallenge/AcmeModel.fml.rt#SYL_71" roleName="taskTypes" userID="SYL" flexoID="79" />
    <ModelObjectActorReference id="16" objectReference="http://www.openflexo.org/MULTIProcessChallenge/AcmeModel.fml.rt#SYL_104" roleName="taskTypes" userID="SYL" flexoID="106" />
    <ModelObjectActorReference id="17" objectReference="http://www.openflexo.org/MULTIProcessChallenge/AcmeModel.fml.rt#SYL_104" roleName="finalTaskTypes" userID="SYL" flexoID="107" />
    <ModelObjectActorReference id="18" objectReference="http://www.openflexo.org/MULTIProcessChallenge/AcmeModel.fml.rt#SYL_105" roleName="gateways" userID="SYL" flexoID="108" />
    <ModelObjectActorReference id="19" objectReference="http://www.openflexo.org/MULTIProcessChallenge/AcmeModel.fml.rt#SYL_45" roleName="taskTypes" userID="SYL" flexoID="210" />
    <EmbeddedFlexoConceptInstance id="20" flexoConceptURI="http://www.openflexo.org/MULTIProcessChallenge/MetaModel.fml#Begin" userID="SYL" flexoID="45">
      <PrimitiveActorReference id="21" valueAsString="Begin" roleName="name" userID="SYL" flexoID="53" />
      <PrimitiveActorReference id="22" valueAsString="dd/MM/yy HH:mm,17/03/21 11:03" roleName="lastUpdated" userID="SYL" flexoID="54" />
      <PrimitiveActorReference id="23" valueAsString="false" roleName="isCritical" userID="SYL" flexoID="211" />
    </EmbeddedFlexoConceptInstance>
    <EmbeddedFlexoConceptInstance id="24" flexoConceptURI="http://www.openflexo.org/MULTIProcessChallenge/MULTIProcessChallenge.prj/Acme/AcmeMetaModel.fml#SoftwareEngineeringTaskType" userID="SYL" flexoID="46">
      <PrimitiveActorReference id="25" valueAsString="dd/MM/yy HH:mm,17/03/21 16:29" roleName="lastUpdated" userID="SYL" flexoID="55" />
      <PrimitiveActorReference id="26" valueAsString="Requirement analysis" roleName="name" userID="SYL" flexoID="56" />
      <ModelObjectActorReference id="27" objectReference="http://www.openflexo.org/MULTIProcessChallenge/AcmeModel.fml.rt#SYL_140" roleName="producedArtifactTypes" userID="SYL" flexoID="161" />
      <ModelObjectActorReference id="28" objectReference="http://www.openflexo.org/MULTIProcessChallenge/AcmeModel.fml.rt#SYL_116" roleName="allowedActorTypes" userID="SYL" flexoID="165" />
      <ModelObjectActorReference id="29" objectReference="http://www.openflexo.org/MULTIProcessChallenge/AcmeModel.fml.rt#SYL_117" roleName="creator" userID="SYL" flexoID="172" />
      <PrimitiveActorReference id="30" valueAsString="false" roleName="isCritical" userID="SYL" flexoID="212" />
    </EmbeddedFlexoConceptInstance>
    <EmbeddedFlexoConceptInstance id="31" flexoConceptURI="http://www.openflexo.org/MULTIProcessChallenge/MetaModel.fml#Sequencing" userID="SYL" flexoID="47">
      <PrimitiveActorReference id="32" valueAsString="Sequence" roleName="name" userID="SYL" flexoID="57" />
      <PrimitiveActorReference id="33" valueAsString="dd/MM/yy HH:mm,17/03/21 11:03" roleName="lastUpdated" userID="SYL" flexoID="58" />
      <ModelObjectActorReference id="34" objectReference="http://www.openflexo.org/MULTIProcessChallenge/AcmeModel.fml.rt#SYL_45" roleName="in" userID="SYL" flexoID="59" />
      <ModelObjectActorReference id="35" objectReference="http://www.openflexo.org/MULTIProcessChallenge/AcmeModel.fml.rt#SYL_46" roleName="out" userID="SYL" flexoID="60" />
    </EmbeddedFlexoConceptInstance>
    <EmbeddedFlexoConceptInstance id="36" flexoConceptURI="http://www.openflexo.org/MULTIProcessChallenge/MetaModel.fml#AndSplit" userID="SYL" flexoID="48">
      <PrimitiveActorReference id="37" valueAsString="AndSplit" roleName="name" userID="SYL" flexoID="61" />
      <PrimitiveActorReference id="38" valueAsString="dd/MM/yy HH:mm,17/03/21 11:04" roleName="lastUpdated" userID="SYL" flexoID="62" />
      <ModelObjectActorReference id="39" objectReference="http://www.openflexo.org/MULTIProcessChallenge/AcmeModel.fml.rt#SYL_46" roleName="in" userID="SYL" flexoID="63" />
      <ModelObjectActorReference id="40" objectReference="http://www.openflexo.org/MULTIProcessChallenge/AcmeModel.fml.rt#SYL_64" roleName="out" userID="SYL" flexoID="80" />
      <ModelObjectActorReference id="41" objectReference="http://www.openflexo.org/MULTIProcessChallenge/AcmeModel.fml.rt#SYL_65" roleName="out" userID="SYL" flexoID="81" />
    </EmbeddedFlexoConceptInstance>
    <EmbeddedFlexoConceptInstance id="42" flexoConceptURI="http://www.openflexo.org/MULTIProcessChallenge/MULTIProcessChallenge.prj/Acme/AcmeMetaModel.fml#SoftwareEngineeringTaskType" userID="SYL" flexoID="64">
      <PrimitiveActorReference id="43" valueAsString="dd/MM/yy HH:mm,17/03/21 11:08" roleName="lastUpdated" userID="SYL" flexoID="82" />
      <PrimitiveActorReference id="44" valueAsString="Design" roleName="name" userID="SYL" flexoID="83" />
      <ModelObjectActorReference id="45" objectReference="http://www.openflexo.org/MULTIProcessChallenge/AcmeModel.fml.rt#SYL_117" roleName="creator" userID="SYL" flexoID="173" />
      <PrimitiveActorReference id="46" valueAsString="false" roleName="isCritical" userID="SYL" flexoID="213" />
    </EmbeddedFlexoConceptInstance>
    <EmbeddedFlexoConceptInstance id="47" flexoConceptURI="http://www.openflexo.org/MULTIProcessChallenge/MULTIProcessChallenge.prj/Acme/AcmeMetaModel.fml#SoftwareEngineeringTaskType" userID="SYL" flexoID="65">
      <PrimitiveActorReference id="48" valueAsString="dd/MM/yy HH:mm,17/03/21 16:29" roleName="lastUpdated" userID="SYL" flexoID="84" />
      <PrimitiveActorReference id="49" valueAsString="Test Case design" roleName="name" userID="SYL" flexoID="85" />
      <ModelObjectActorReference id="50" objectReference="http://www.openflexo.org/MULTIProcessChallenge/AcmeModel.fml.rt#SYL_141" roleName="producedArtifactTypes" userID="SYL" flexoID="160" />
      <ModelObjectActorReference id="51" objectReference="http://www.openflexo.org/MULTIProcessChallenge/AcmeModel.fml.rt#SYL_116" roleName="allowedActorTypes" userID="SYL" flexoID="166" />
      <ModelObjectActorReference id="52" objectReference="http://www.openflexo.org/MULTIProcessChallenge/AcmeModel.fml.rt#SYL_117" roleName="creator" userID="SYL" flexoID="174" />
      <PrimitiveActorReference id="53" valueAsString="true" roleName="isCritical" userID="SYL" flexoID="214" />
    </EmbeddedFlexoConceptInstance>
    <EmbeddedFlexoConceptInstance id="54" flexoConceptURI="http://www.openflexo.org/MULTIProcessChallenge/MULTIProcessChallenge.prj/Acme/AcmeMetaModel.fml#CodingTaskType" userID="SYL" flexoID="66">
      <PrimitiveActorReference id="55" valueAsString="dd/MM/yy HH:mm,18/03/21 10:42" roleName="lastUpdated" userID="SYL" flexoID="86" />
      <PrimitiveActorReference id="56" valueAsString="Coding" roleName="name" userID="SYL" flexoID="87" />
      <ModelObjectActorReference id="57" objectReference="http://www.openflexo.org/MULTIProcessChallenge/AcmeModel.fml.rt#SYL_142" roleName="producedArtifactTypes" userID="SYL" flexoID="146" />
      <ModelObjectActorReference id="58" objectReference="http://www.openflexo.org/MULTIProcessChallenge/AcmeModel.fml.rt#SYL_120" roleName="allowedActorTypes" userID="SYL" flexoID="171" />
      <ModelObjectActorReference id="59" objectReference="http://www.openflexo.org/MULTIProcessChallenge/AcmeModel.fml.rt#SYL_117" roleName="creator" userID="SYL" flexoID="175" />
      <PrimitiveActorReference id="60" valueAsString="false" roleName="isCritical" userID="SYL" flexoID="215" />
      <FlexoEnumValueActorReference id="61" valueAsString="http://www.openflexo.org/MULTIProcessChallenge/MULTIProcessChallenge.prj/Acme/AcmeMetaModel.fml#ProgrammingLanguage#COBOL" roleName="language" userID="SYL" flexoID="222" />
    </EmbeddedFlexoConceptInstance>
    <EmbeddedFlexoConceptInstance id="62" flexoConceptURI="http://www.openflexo.org/MULTIProcessChallenge/MetaModel.fml#Sequencing" userID="SYL" flexoID="67">
      <PrimitiveActorReference id="63" valueAsString="Sequence" roleName="name" userID="SYL" flexoID="88" />
      <PrimitiveActorReference id="64" valueAsString="dd/MM/yy HH:mm,17/03/21 11:09" roleName="lastUpdated" userID="SYL" flexoID="89" />
      <ModelObjectActorReference id="65" objectReference="http://www.openflexo.org/MULTIProcessChallenge/AcmeModel.fml.rt#SYL_64" roleName="in" userID="SYL" flexoID="90" />
      <ModelObjectActorReference id="66" objectReference="http://www.openflexo.org/MULTIProcessChallenge/AcmeModel.fml.rt#SYL_66" roleName="out" userID="SYL" flexoID="91" />
    </EmbeddedFlexoConceptInstance>
    <EmbeddedFlexoConceptInstance id="67" flexoConceptURI="http://www.openflexo.org/MULTIProcessChallenge/MULTIProcessChallenge.prj/Acme/AcmeMetaModel.fml#SoftwareEngineeringTaskType" userID="SYL" flexoID="68">
      <PrimitiveActorReference id="68" valueAsString="dd/MM/yy HH:mm,17/03/21 11:10" roleName="lastUpdated" userID="SYL" flexoID="92" />
      <PrimitiveActorReference id="69" valueAsString="Test Design review" roleName="name" userID="SYL" flexoID="93" />
      <ModelObjectActorReference id="70" objectReference="http://www.openflexo.org/MULTIProcessChallenge/AcmeModel.fml.rt#SYL_117" roleName="creator" userID="SYL" flexoID="176" />
      <PrimitiveActorReference id="71" valueAsString="false" roleName="isCritical" userID="SYL" flexoID="216" />
      <ModelObjectActorReference id="72" objectReference="http://www.openflexo.org/MULTIProcessChallenge/AcmeModel.fml.rt#SYL_141" roleName="usedArtifactTypes" userID="SYL" flexoID="221" />
    </EmbeddedFlexoConceptInstance>
    <EmbeddedFlexoConceptInstance id="73" flexoConceptURI="http://www.openflexo.org/MULTIProcessChallenge/MetaModel.fml#Sequencing" userID="SYL" flexoID="69">
      <PrimitiveActorReference id="74" valueAsString="Sequence" roleName="name" userID="SYL" flexoID="94" />
      <PrimitiveActorReference id="75" valueAsString="dd/MM/yy HH:mm,17/03/21 11:10" roleName="lastUpdated" userID="SYL" flexoID="95" />
      <ModelObjectActorReference id="76" objectReference="http://www.openflexo.org/MULTIProcessChallenge/AcmeModel.fml.rt#SYL_65" roleName="in" userID="SYL" flexoID="96" />
      <ModelObjectActorReference id="77" objectReference="http://www.openflexo.org/MULTIProcessChallenge/AcmeModel.fml.rt#SYL_68" roleName="out" userID="SYL" flexoID="97" />
    </EmbeddedFlexoConceptInstance>
    <EmbeddedFlexoConceptInstance id="78" flexoConceptURI="http://www.openflexo.org/MULTIProcessChallenge/MetaModel.fml#AndJoin" userID="SYL" flexoID="70">
      <PrimitiveActorReference id="79" valueAsString="AndJoin" roleName="name" userID="SYL" flexoID="98" />
      <PrimitiveActorReference id="80" valueAsString="dd/MM/yy HH:mm,17/03/21 11:10" roleName="lastUpdated" userID="SYL" flexoID="99" />
      <ModelObjectActorReference id="81" objectReference="http://www.openflexo.org/MULTIProcessChallenge/AcmeModel.fml.rt#SYL_66" roleName="in" userID="SYL" flexoID="100" />
      <ModelObjectActorReference id="82" objectReference="http://www.openflexo.org/MULTIProcessChallenge/AcmeModel.fml.rt#SYL_68" roleName="in" userID="SYL" flexoID="101" />
      <ModelObjectActorReference id="83" objectReference="http://www.openflexo.org/MULTIProcessChallenge/AcmeModel.fml.rt#SYL_71" roleName="out" userID="SYL" flexoID="109" />
    </EmbeddedFlexoConceptInstance>
    <EmbeddedFlexoConceptInstance id="84" flexoConceptURI="http://www.openflexo.org/MULTIProcessChallenge/MULTIProcessChallenge.prj/Acme/AcmeMetaModel.fml#SoftwareEngineeringTaskType" userID="SYL" flexoID="71">
      <PrimitiveActorReference id="85" valueAsString="dd/MM/yy HH:mm,17/03/21 16:29" roleName="lastUpdated" userID="SYL" flexoID="102" />
      <PrimitiveActorReference id="86" valueAsString="Testing" roleName="name" userID="SYL" flexoID="103" />
      <ModelObjectActorReference id="87" objectReference="http://www.openflexo.org/MULTIProcessChallenge/AcmeModel.fml.rt#SYL_143" roleName="producedArtifactTypes" userID="SYL" flexoID="159" />
      <ModelObjectActorReference id="88" objectReference="http://www.openflexo.org/MULTIProcessChallenge/AcmeModel.fml.rt#SYL_119" roleName="allowedActorTypes" userID="SYL" flexoID="167" />
      <ModelObjectActorReference id="89" objectReference="http://www.openflexo.org/MULTIProcessChallenge/AcmeModel.fml.rt#SYL_117" roleName="creator" userID="SYL" flexoID="177" />
      <PrimitiveActorReference id="90" valueAsString="false" roleName="isCritical" userID="SYL" flexoID="217" />
    </EmbeddedFlexoConceptInstance>
    <EmbeddedFlexoConceptInstance id="91" flexoConceptURI="http://www.openflexo.org/MULTIProcessChallenge/MetaModel.fml#End" userID="SYL" flexoID="104">
      <PrimitiveActorReference id="92" valueAsString="End" roleName="name" userID="SYL" flexoID="110" />
      <PrimitiveActorReference id="93" valueAsString="dd/MM/yy HH:mm,17/03/21 11:19" roleName="lastUpdated" userID="SYL" flexoID="111" />
      <PrimitiveActorReference id="94" valueAsString="false" roleName="isCritical" userID="SYL" flexoID="218" />
    </EmbeddedFlexoConceptInstance>
    <EmbeddedFlexoConceptInstance id="95" flexoConceptURI="http://www.openflexo.org/MULTIProcessChallenge/MetaModel.fml#Sequencing" userID="SYL" flexoID="105">
      <PrimitiveActorReference id="96" valueAsString="Sequence" roleName="name" userID="SYL" flexoID="112" />
      <PrimitiveActorReference id="97" valueAsString="dd/MM/yy HH:mm,17/03/21 11:19" roleName="lastUpdated" userID="SYL" flexoID="113" />
      <ModelObjectActorReference id="98" objectReference="http://www.openflexo.org/MULTIProcessChallenge/AcmeModel.fml.rt#SYL_71" roleName="in" userID="SYL" flexoID="114" />
      <ModelObjectActorReference id="99" objectReference="http://www.openflexo.org/MULTIProcessChallenge/AcmeModel.fml.rt#SYL_104" roleName="out" userID="SYL" flexoID="115" />
    </EmbeddedFlexoConceptInstance>
  </FlexoConceptInstance>
  <FlexoConceptInstance idref="20" />
  <FlexoConceptInstance idref="24" />
  <FlexoConceptInstance idref="31" />
  <FlexoConceptInstance idref="36" />
  <FlexoConceptInstance idref="42" />
  <FlexoConceptInstance idref="47" />
  <FlexoConceptInstance idref="54" />
  <FlexoConceptInstance idref="62" />
  <FlexoConceptInstance idref="67" />
  <FlexoConceptInstance idref="73" />
  <FlexoConceptInstance idref="78" />
  <FlexoConceptInstance idref="84" />
  <FlexoConceptInstance idref="91" />
  <FlexoConceptInstance idref="95" />
  <FlexoConceptInstance id="100" flexoConceptURI="http://www.openflexo.org/MULTIProcessChallenge/MetaModel.fml#ActorType" userID="SYL" flexoID="116">
    <PrimitiveActorReference id="101" valueAsString="Analyst" roleName="name" userID="SYL" flexoID="125" />
    <PrimitiveActorReference id="102" valueAsString="dd/MM/yy HH:mm,17/03/21 15:17" roleName="lastUpdated" userID="SYL" flexoID="126" />
  </FlexoConceptInstance>
  <FlexoConceptInstance id="103" flexoConceptURI="http://www.openflexo.org/MULTIProcessChallenge/MetaModel.fml#Actor" userID="SYL" flexoID="117">
    <PrimitiveActorReference id="104" valueAsString="Bob Brown" roleName="name" userID="SYL" flexoID="127" />
    <PrimitiveActorReference id="105" valueAsString="dd/MM/yy HH:mm,17/03/21 15:17" roleName="lastUpdated" userID="SYL" flexoID="128" />
    <ModelObjectActorReference id="106" objectReference="http://www.openflexo.org/MULTIProcessChallenge/AcmeModel.fml.rt#SYL_116" roleName="types" userID="SYL" flexoID="162" />
    <ModelObjectActorReference id="107" objectReference="http://www.openflexo.org/MULTIProcessChallenge/AcmeModel.fml.rt#SYL_119" roleName="types" userID="SYL" flexoID="163" />
    <PrimitiveActorReference id="108" valueAsString="false" roleName="isSenior" userID="SYL" flexoID="219" />
  </FlexoConceptInstance>
  <FlexoConceptInstance id="109" flexoConceptURI="http://www.openflexo.org/MULTIProcessChallenge/MetaModel.fml#ActorType" userID="SYL" flexoID="118">
    <PrimitiveActorReference id="110" valueAsString="Test Designer" roleName="name" userID="SYL" flexoID="131" />
    <PrimitiveActorReference id="111" valueAsString="dd/MM/yy HH:mm,17/03/21 15:18" roleName="lastUpdated" userID="SYL" flexoID="132" />
  </FlexoConceptInstance>
  <FlexoConceptInstance id="112" flexoConceptURI="http://www.openflexo.org/MULTIProcessChallenge/MetaModel.fml#ActorType" userID="SYL" flexoID="119">
    <PrimitiveActorReference id="113" valueAsString="Tester" roleName="name" userID="SYL" flexoID="133" />
    <PrimitiveActorReference id="114" valueAsString="dd/MM/yy HH:mm,17/03/21 15:19" roleName="lastUpdated" userID="SYL" flexoID="134" />
  </FlexoConceptInstance>
  <FlexoConceptInstance id="115" flexoConceptURI="http://www.openflexo.org/MULTIProcessChallenge/MULTIProcessChallenge.prj/Acme/AcmeMetaModel.fml#Developer" userID="SYL" flexoID="120">
    <PrimitiveActorReference id="116" valueAsString="Developer" roleName="name" userID="SYL" flexoID="135" />
    <PrimitiveActorReference id="117" valueAsString="dd/MM/yy HH:mm,17/03/21 15:20" roleName="lastUpdated" userID="SYL" flexoID="136" />
  </FlexoConceptInstance>
  <FlexoConceptInstance id="118" flexoConceptURI="http://www.openflexo.org/MULTIProcessChallenge/MetaModel.fml#Actor" userID="SYL" flexoID="121">
    <PrimitiveActorReference id="119" valueAsString="Ann Smith" roleName="name" userID="SYL" flexoID="137" />
    <PrimitiveActorReference id="120" valueAsString="dd/MM/yy HH:mm,17/03/21 15:20" roleName="lastUpdated" userID="SYL" flexoID="138" />
    <ModelObjectActorReference id="121" objectReference="http://www.openflexo.org/MULTIProcessChallenge/AcmeModel.fml.rt#SYL_120" roleName="types" userID="SYL" flexoID="164" />
    <PrimitiveActorReference id="122" valueAsString="false" roleName="isSenior" userID="SYL" flexoID="220" />
  </FlexoConceptInstance>
  <FlexoConceptInstance id="123" flexoConceptURI="http://www.openflexo.org/MULTIProcessChallenge/MULTIProcessChallenge.prj/Acme/AcmeMetaModel.fml#SoftwareEngineeringArtifactType" userID="SYL" flexoID="140">
    <PrimitiveActorReference id="124" valueAsString="dd/MM/yy HH:mm,17/03/21 15:22" roleName="lastUpdated" userID="SYL" flexoID="148" />
    <PrimitiveActorReference id="125" valueAsString="Requirements Specifications" roleName="name" userID="SYL" flexoID="149" />
  </FlexoConceptInstance>
  <FlexoConceptInstance id="126" flexoConceptURI="http://www.openflexo.org/MULTIProcessChallenge/MULTIProcessChallenge.prj/Acme/AcmeMetaModel.fml#SoftwareEngineeringArtifactType" userID="SYL" flexoID="141">
    <PrimitiveActorReference id="127" valueAsString="dd/MM/yy HH:mm,17/03/21 15:23" roleName="lastUpdated" userID="SYL" flexoID="150" />
    <PrimitiveActorReference id="128" valueAsString="Test Cases" roleName="name" userID="SYL" flexoID="151" />
  </FlexoConceptInstance>
  <FlexoConceptInstance id="129" flexoConceptURI="http://www.openflexo.org/MULTIProcessChallenge/MULTIProcessChallenge.prj/Acme/AcmeMetaModel.fml#CodeArtifactType" userID="SYL" flexoID="142">
    <PrimitiveActorReference id="130" valueAsString="dd/MM/yy HH:mm,17/03/21 15:23" roleName="lastUpdated" userID="SYL" flexoID="152" />
    <PrimitiveActorReference id="131" valueAsString="Code" roleName="name" userID="SYL" flexoID="153" />
  </FlexoConceptInstance>
  <FlexoConceptInstance id="132" flexoConceptURI="http://www.openflexo.org/MULTIProcessChallenge/MetaModel.fml#ArtifactType" userID="SYL" flexoID="143">
    <PrimitiveActorReference id="133" valueAsString="Test Report" roleName="name" userID="SYL" flexoID="154" />
    <PrimitiveActorReference id="134" valueAsString="dd/MM/yy HH:mm,17/03/21 15:24" roleName="lastUpdated" userID="SYL" flexoID="155" />
  </FlexoConceptInstance>
</FMLRTVirtualModelInstance>
