<?xml version="1.0" encoding="UTF-8"?>
<VirtualModel id="SYL-1" virtualModelClass="org.openflexo.foundation.fml.VirtualModel" modelVersion="2.0" uri="http://www.openflexo.org/MULTIProcessChallenge/MULTIProcessChallenge.prj/Acme/AcmeMetaModel.fml" version="0.1" visibility="Public" parentFlexoConceptsList="http://www.openflexo.org/MULTIProcessChallenge/MetaModel.fml" name="AcmeMetaModel" author="sylvain" userID="SYL" flexoID="1">
  <FlexoConcept id="SYL-6" visibility="Public" parentFlexoConceptsList="http://www.openflexo.org/MULTIProcessChallenge/MULTIProcessChallenge.prj/Acme/AcmeMetaModel.fml#SoftwareEngineeringTaskType" name="CodingTaskType" userID="SYL" flexoID="6">
    <Inspector id="SYL-7" inspectorTitle="Coding TaskType" userID="SYL" flexoID="7">
      <InspectorEntry id="SYL-1396" widget="DROPDOWN" data="language" name="language" label="language" type="org.openflexo.foundation.fml.FlexoEnumType&lt;http://www.openflexo.org/MULTIProcessChallenge/MULTIProcessChallenge.prj/Acme/AcmeMetaModel.fml#ProgrammingLanguage&gt;" userID="SYL" flexoID="1396" />
    </Inspector>
    <FlexoConceptInstanceRole id="SYL-1361" virtualModelInstance="acmeMetaModel" flexoConceptTypeURI="http://www.openflexo.org/MULTIProcessChallenge/MULTIProcessChallenge.prj/Acme/AcmeMetaModel.fml#ProgrammingLanguage" cloningStrategy="Reference" cardinality="One" name="language" userID="SYL" flexoID="1361" />
    <CreationScheme id="SYL-11" label="create" name="create" width="800" height="600" userID="SYL" flexoID="11">
      <BehaviourControlGraph_ExpressionAction id="SYL-20" expression="super.create(parameters.name)" userID="SYL" flexoID="20" />
      <GenericBehaviourParameter id="SYL-21" widget="TEXT_FIELD" name="name" type="java.lang.String" userID="SYL" flexoID="21" />
    </CreationScheme>
    <DeletionScheme id="SYL-12" label="delete" name="delete" width="800" height="600" userID="SYL" flexoID="12">
      <BehaviourControlGraph_EmptyControlGraph id="SYL-22" userID="SYL" flexoID="22" />
    </DeletionScheme>
    <ActionScheme id="SYL-1098" label="newTask" name="newTask" width="800" height="600" userID="SYL" flexoID="1098">
      <BehaviourControlGraph_Sequence id="SYL-1444" ownerContext="controlGraph2" userID="SYL" flexoID="1444">
        <ControlGraph2_Sequence id="SYL-1443" ownerContext="controlGraph2" userID="SYL" flexoID="1443">
          <ControlGraph2_Sequence id="SYL-1449" ownerContext="controlGraph2" userID="SYL" flexoID="1449">
            <ControlGraph2_ReturnStatement id="SYL-1442" ownerContext="controlGraph2" userID="SYL" flexoID="1442">
              <AssignableAction_ExpressionAction id="SYL-1441" expression="returned" userID="SYL" flexoID="1441" />
            </ControlGraph2_ReturnStatement>
            <ControlGraph1_ConditionalAction id="SYL-1446" condition="(language.concept.name = &quot;COBOL&quot;)" ownerContext="controlGraph1" userID="SYL" flexoID="1446">
              <ThenControlGraph_ExpressionAction id="SYL-1448" expression="returned.addToPerformingActor(container.container.getActor(&quot;Ann Smith&quot;))" ownerContext="thenControlGraph" userID="SYL" flexoID="1448" />
            </ControlGraph1_ConditionalAction>
          </ControlGraph2_Sequence>
          <ControlGraph1_LogAction id="SYL-1440" logLevel="INFO" logString="(&quot;prout: &quot; + language.concept.name)" ownerContext="controlGraph1" userID="SYL" flexoID="1440" />
        </ControlGraph2_Sequence>
        <ControlGraph1_DeclarationAction id="SYL-1401" variable="returned" ownerContext="controlGraph1" userID="SYL" flexoID="1401">
          <AssignableAction_AddFlexoConceptInstance id="SYL-1099" container="parameters.process" creationSchemeURI="http://www.openflexo.org/MULTIProcessChallenge/MULTIProcessChallenge.prj/Acme/AcmeMetaModel.fml#Coding.create(name,taskType)" flexoConceptTypeURI="http://www.openflexo.org/MULTIProcessChallenge/MULTIProcessChallenge.prj/Acme/AcmeMetaModel.fml#Coding" receiver="container.container" userID="SYL" flexoID="1099">
            <AddFlexoConceptInstanceParameter id="SYL-1232" paramName="name" value="parameters.name" userID="SYL" flexoID="1232" />
            <AddFlexoConceptInstanceParameter id="SYL-1324" paramName="taskType" value="this" userID="SYL" flexoID="1324" />
          </AssignableAction_AddFlexoConceptInstance>
        </ControlGraph1_DeclarationAction>
      </BehaviourControlGraph_Sequence>
      <GenericBehaviourParameter id="SYL-1101" isRequired="true" widget="TEXT_FIELD" name="name" type="java.lang.String" userID="SYL" flexoID="1101" />
      <GenericBehaviourParameter id="SYL-1326" isRequired="true" widget="CUSTOM_WIDGET" name="process" type="org.openflexo.foundation.fml.FlexoConceptInstanceType&lt;http://www.openflexo.org/MULTIProcessChallenge/MetaModel.fml#Process&gt;" userID="SYL" flexoID="1326" />
    </ActionScheme>
    <ActionScheme id="SYL-1103" label="isValidActorType" name="isValidActorType" width="800" height="600" userID="SYL" flexoID="1103">
      <BehaviourControlGraph_ReturnStatement id="SYL-1105" ownerContext="controlGraph2" userID="SYL" flexoID="1105">
        <AssignableAction_ExpressionAction id="SYL-1104" expression="(parameters.actorType.concept.name = &quot;Developer&quot;)" userID="SYL" flexoID="1104" />
      </BehaviourControlGraph_ReturnStatement>
      <GenericBehaviourParameter id="SYL-1106" isRequired="true" widget="CUSTOM_WIDGET" name="actorType" type="org.openflexo.foundation.fml.FlexoConceptInstanceType&lt;http://www.openflexo.org/MULTIProcessChallenge/MetaModel.fml#ActorType&gt;" userID="SYL" flexoID="1106" />
    </ActionScheme>
    <ActionScheme id="SYL-1107" label="isValidProducedArtifactType" name="isValidProducedArtifactType" width="800" height="600" userID="SYL" flexoID="1107">
      <BehaviourControlGraph_ReturnStatement id="SYL-1112" userID="SYL" flexoID="1112">
        <AssignableAction_ExpressionAction id="SYL-1111" expression="(parameters.artifactType.concept.name = &quot;CodeArtifactType&quot;)" userID="SYL" flexoID="1111" />
      </BehaviourControlGraph_ReturnStatement>
      <GenericBehaviourParameter id="SYL-1110" isRequired="true" widget="CUSTOM_WIDGET" name="artifactType" type="org.openflexo.foundation.fml.FlexoConceptInstanceType&lt;http://www.openflexo.org/MULTIProcessChallenge/MetaModel.fml#ArtifactType&gt;" userID="SYL" flexoID="1110" />
    </ActionScheme>
  </FlexoConcept>
  <FlexoConcept id="SYL-13" visibility="Public" parentFlexoConceptsList="http://www.openflexo.org/MULTIProcessChallenge/MetaModel.fml#ActorType" name="Developer" userID="SYL" flexoID="13">
    <Inspector id="SYL-14" inspectorTitle="Developer" userID="SYL" flexoID="14" />
    <CreationScheme id="SYL-18" label="create" name="create" width="800" height="600" userID="SYL" flexoID="18">
      <BehaviourControlGraph_EmptyControlGraph id="SYL-46" userID="SYL" flexoID="46" />
    </CreationScheme>
    <DeletionScheme id="SYL-19" label="delete" name="delete" width="800" height="600" userID="SYL" flexoID="19">
      <BehaviourControlGraph_EmptyControlGraph id="SYL-47" userID="SYL" flexoID="47" />
    </DeletionScheme>
  </FlexoConcept>
  <FlexoConcept id="SYL-57" visibility="Public" parentFlexoConceptsList="http://www.openflexo.org/MULTIProcessChallenge/MULTIProcessChallenge.prj/Acme/AcmeMetaModel.fml#SoftwareEngineeringArtifactType" name="CodeArtifactType" userID="SYL" flexoID="57">
    <Inspector id="SYL-58" inspectorTitle="Code" userID="SYL" flexoID="58" />
    <CreationScheme id="SYL-62" label="create" name="create" width="800" height="600" userID="SYL" flexoID="62">
      <BehaviourControlGraph_ExpressionAction id="SYL-64" expression="super.create(parameters.name)" userID="SYL" flexoID="64" />
      <GenericBehaviourParameter id="SYL-77" widget="TEXT_FIELD" name="name" type="java.lang.String" userID="SYL" flexoID="77" />
    </CreationScheme>
    <DeletionScheme id="SYL-63" label="delete" name="delete" width="800" height="600" userID="SYL" flexoID="63">
      <BehaviourControlGraph_EmptyControlGraph id="SYL-78" userID="SYL" flexoID="78" />
    </DeletionScheme>
    <ActionScheme id="SYL-1164" label="newArtifact" name="newArtifact" width="800" height="600" userID="SYL" flexoID="1164">
      <BehaviourControlGraph_Sequence id="SYL-1172" userID="SYL" flexoID="1172">
        <ControlGraph2_Sequence id="SYL-1169" ownerContext="controlGraph2" userID="SYL" flexoID="1169">
          <ControlGraph2_ReturnStatement id="SYL-1166" ownerContext="controlGraph2" userID="SYL" flexoID="1166">
            <AssignableAction_ExpressionAction id="SYL-1165" expression="returned" userID="SYL" flexoID="1165" />
          </ControlGraph2_ReturnStatement>
          <ControlGraph1_AddToListAction id="SYL-1168" list="returned.types" ownerContext="controlGraph1" userID="SYL" flexoID="1168">
            <AssignableAction_ExpressionAction id="SYL-1167" expression="this" userID="SYL" flexoID="1167" />
          </ControlGraph1_AddToListAction>
        </ControlGraph2_Sequence>
        <ControlGraph1_DeclarationAction id="SYL-1171" variable="returned" ownerContext="controlGraph1" userID="SYL" flexoID="1171">
          <AssignableAction_AddFlexoConceptInstance id="SYL-1170" creationSchemeURI="http://www.openflexo.org/MULTIProcessChallenge/MULTIProcessChallenge.prj/Acme/AcmeMetaModel.fml#Code.create(name)" flexoConceptTypeURI="http://www.openflexo.org/MULTIProcessChallenge/MULTIProcessChallenge.prj/Acme/AcmeMetaModel.fml#Code" receiver="container" userID="SYL" flexoID="1170">
            <AddFlexoConceptInstanceParameter id="SYL-1264" paramName="name" value="parameters.name" userID="SYL" flexoID="1264" />
          </AssignableAction_AddFlexoConceptInstance>
        </ControlGraph1_DeclarationAction>
      </BehaviourControlGraph_Sequence>
      <GenericBehaviourParameter id="SYL-1173" widget="TEXT_FIELD" name="name" type="java.lang.String" userID="SYL" flexoID="1173" />
    </ActionScheme>
  </FlexoConcept>
  <FlexoEnum id="SYL-65" name="ProgrammingLanguage" userID="SYL" flexoID="65">
    <Value_FlexoEnumValue id="SYL-79" name="Java" userID="SYL" flexoID="79">
      <Inspector id="SYL--1" inspectorTitle="Java" userID="SYL" flexoID="-1" />
    </Value_FlexoEnumValue>
    <Value_FlexoEnumValue id="SYL-80" name="C" userID="SYL" flexoID="80">
      <Inspector id="SYL--1" inspectorTitle="C" userID="SYL" flexoID="-1" />
    </Value_FlexoEnumValue>
    <Value_FlexoEnumValue id="SYL-81" name="COBOL" userID="SYL" flexoID="81">
      <Inspector id="SYL--1" inspectorTitle="COBOL" userID="SYL" flexoID="-1" />
    </Value_FlexoEnumValue>
    <Inspector id="SYL-66" inspectorTitle="ProgrammingLanguage" userID="SYL" flexoID="66" />
  </FlexoEnum>
  <FlexoConcept id="SYL-83" visibility="Public" parentFlexoConceptsList="http://www.openflexo.org/MULTIProcessChallenge/MULTIProcessChallenge.prj/Acme/AcmeMetaModel.fml#Code" name="COBOLCode" userID="SYL" flexoID="83">
    <Inspector id="SYL-84" inspectorTitle="COBOLCode" userID="SYL" flexoID="84" />
    <DeletionScheme id="SYL-89" label="delete" name="delete" width="800" height="600" userID="SYL" flexoID="89">
      <BehaviourControlGraph_EmptyControlGraph id="SYL-91" userID="SYL" flexoID="91" />
    </DeletionScheme>
    <CreationScheme id="SYL-1214" label="create" name="create" width="800" height="600" userID="SYL" flexoID="1214">
      <BehaviourControlGraph_Sequence id="SYL-1219" userID="SYL" flexoID="1219">
        <ControlGraph2_AssignationAction id="SYL-1218" assign="programmingLanguage" ownerContext="controlGraph2" userID="SYL" flexoID="1218">
          <AssignableAction_ExpressionAction id="SYL-1217" expression="container.virtualModel" userID="SYL" flexoID="1217" />
        </ControlGraph2_AssignationAction>
        <ControlGraph1_ExpressionAction id="SYL-1215" expression="super.create(parameters.name)" ownerContext="controlGraph1" userID="SYL" flexoID="1215" />
      </BehaviourControlGraph_Sequence>
      <GenericBehaviourParameter id="SYL-1216" widget="TEXT_FIELD" name="name" type="java.lang.String" userID="SYL" flexoID="1216" />
    </CreationScheme>
  </FlexoConcept>
  <FlexoConcept id="SYL-110" visibility="Public" parentFlexoConceptsList="http://www.openflexo.org/MULTIProcessChallenge/MetaModel.fml#ArtifactType" name="SoftwareEngineeringArtifactType" userID="SYL" flexoID="110">
    <Inspector id="SYL-111" inspectorTitle="SoftwareEngineeringArtifactType" userID="SYL" flexoID="111" />
    <CreationScheme id="SYL-115" label="create" name="create" width="800" height="600" userID="SYL" flexoID="115">
      <BehaviourControlGraph_ExpressionAction id="SYL-117" expression="super.create(parameters.name)" userID="SYL" flexoID="117" />
      <GenericBehaviourParameter id="SYL-118" widget="TEXT_FIELD" name="name" type="java.lang.String" userID="SYL" flexoID="118" />
    </CreationScheme>
    <DeletionScheme id="SYL-116" label="delete" name="delete" width="800" height="600" userID="SYL" flexoID="116">
      <BehaviourControlGraph_EmptyControlGraph id="SYL-146" userID="SYL" flexoID="146" />
    </DeletionScheme>
    <ActionScheme id="SYL-168" label="newArtifact" name="newArtifact" width="800" height="600" userID="SYL" flexoID="168">
      <BehaviourControlGraph_Sequence id="SYL-176" userID="SYL" flexoID="176">
        <ControlGraph2_Sequence id="SYL-173" ownerContext="controlGraph2" userID="SYL" flexoID="173">
          <ControlGraph2_ReturnStatement id="SYL-170" ownerContext="controlGraph2" userID="SYL" flexoID="170">
            <AssignableAction_ExpressionAction id="SYL-169" expression="returned" userID="SYL" flexoID="169" />
          </ControlGraph2_ReturnStatement>
          <ControlGraph1_AddToListAction id="SYL-172" list="returned.types" ownerContext="controlGraph1" userID="SYL" flexoID="172">
            <AssignableAction_ExpressionAction id="SYL-171" expression="this" userID="SYL" flexoID="171" />
          </ControlGraph1_AddToListAction>
        </ControlGraph2_Sequence>
        <ControlGraph1_DeclarationAction id="SYL-175" variable="returned" ownerContext="controlGraph1" userID="SYL" flexoID="175">
          <AssignableAction_AddFlexoConceptInstance id="SYL-174" creationSchemeURI="http://www.openflexo.org/MULTIProcessChallenge/MULTIProcessChallenge.prj/Acme/AcmeMetaModel.fml#SoftwareEngineeringArtifact.create(name)" flexoConceptTypeURI="http://www.openflexo.org/MULTIProcessChallenge/MULTIProcessChallenge.prj/Acme/AcmeMetaModel.fml#SoftwareEngineeringArtifact" receiver="container" userID="SYL" flexoID="174">
            <AddFlexoConceptInstanceParameter id="SYL-1097" paramName="name" value="parameters.name" userID="SYL" flexoID="1097" />
          </AssignableAction_AddFlexoConceptInstance>
        </ControlGraph1_DeclarationAction>
      </BehaviourControlGraph_Sequence>
      <GenericBehaviourParameter id="SYL-177" widget="TEXT_FIELD" name="name" type="java.lang.String" userID="SYL" flexoID="177" />
    </ActionScheme>
  </FlexoConcept>
  <FlexoConcept id="SYL-179" visibility="Public" parentFlexoConceptsList="http://www.openflexo.org/MULTIProcessChallenge/MetaModel.fml#Artifact" name="SoftwareEngineeringArtifact" userID="SYL" flexoID="179">
    <Inspector id="SYL-180" inspectorTitle="SoftwareEngineeringArtifact" userID="SYL" flexoID="180" />
    <FlexoConceptInstanceRole id="SYL-1277" virtualModelInstance="super.container" flexoConceptTypeURI="http://www.openflexo.org/MULTIProcessChallenge/MetaModel.fml#Actor" cloningStrategy="Reference" cardinality="One" name="responsible" userID="SYL" flexoID="1277" />
    <PrimitiveRole id="SYL-1278" primitiveType="Integer" cloningStrategy="Clone" cardinality="ZeroOne" name="versionNumber" userID="SYL" flexoID="1278" />
    <CreationScheme id="SYL-184" label="create" name="create" width="800" height="600" userID="SYL" flexoID="184">
      <BehaviourControlGraph_ExpressionAction id="SYL-186" expression="super.create(parameters.name)" userID="SYL" flexoID="186" />
      <GenericBehaviourParameter id="SYL-187" widget="TEXT_FIELD" name="name" type="java.lang.String" userID="SYL" flexoID="187" />
    </CreationScheme>
    <DeletionScheme id="SYL-185" label="delete" name="delete" width="800" height="600" userID="SYL" flexoID="185">
      <BehaviourControlGraph_EmptyControlGraph id="SYL-188" userID="SYL" flexoID="188" />
    </DeletionScheme>
  </FlexoConcept>
  <FlexoConcept id="SYL-1175" visibility="Public" parentFlexoConceptsList="http://www.openflexo.org/MULTIProcessChallenge/MULTIProcessChallenge.prj/Acme/AcmeMetaModel.fml#SoftwareEngineeringArtifact" name="Code" userID="SYL" flexoID="1175">
    <Inspector id="SYL-1176" inspectorTitle="Code" userID="SYL" flexoID="1176" />
    <FlexoConceptInstanceRole id="SYL-1210" virtualModelInstance="container" flexoConceptTypeURI="http://www.openflexo.org/MULTIProcessChallenge/MULTIProcessChallenge.prj/Acme/AcmeMetaModel.fml#ProgrammingLanguage" cloningStrategy="Reference" cardinality="One" name="programmingLanguage" userID="SYL" flexoID="1210" />
    <DeletionScheme id="SYL-1180" label="delete" name="delete" width="800" height="600" userID="SYL" flexoID="1180">
      <BehaviourControlGraph_EmptyControlGraph id="SYL-1182" userID="SYL" flexoID="1182" />
    </DeletionScheme>
    <CreationScheme id="SYL-1211" label="create" name="create" width="800" height="600" userID="SYL" flexoID="1211">
      <BehaviourControlGraph_ExpressionAction id="SYL-1212" expression="super.create(parameters.name)" userID="SYL" flexoID="1212" />
      <GenericBehaviourParameter id="SYL-1213" widget="TEXT_FIELD" name="name" type="java.lang.String" userID="SYL" flexoID="1213" />
    </CreationScheme>
  </FlexoConcept>
  <FlexoConcept id="SYL-1220" visibility="Public" parentFlexoConceptsList="http://www.openflexo.org/MULTIProcessChallenge/MetaModel.fml#Task" name="Coding" userID="SYL" flexoID="1220">
    <Inspector id="SYL-1221" inspectorTitle="Coding" userID="SYL" flexoID="1221" />
    <FlexoConceptInstanceRole id="SYL-1233" virtualModelInstance="container.container" flexoConceptTypeURI="http://www.openflexo.org/MULTIProcessChallenge/MULTIProcessChallenge.prj/Acme/AcmeMetaModel.fml#ProgrammingLanguage" cloningStrategy="Reference" cardinality="OneMany" name="programmingLanguages" userID="SYL" flexoID="1233" />
    <CreationScheme id="SYL-1227" label="create" name="create" width="800" height="600" userID="SYL" flexoID="1227">
      <BehaviourControlGraph_ExpressionAction id="SYL-1228" expression="super.create(parameters.name,parameters.taskType)" userID="SYL" flexoID="1228" />
      <GenericBehaviourParameter id="SYL-1229" widget="TEXT_FIELD" name="name" type="java.lang.String" userID="SYL" flexoID="1229" />
      <GenericBehaviourParameter id="SYL-1327" widget="CUSTOM_WIDGET" name="taskType" type="org.openflexo.foundation.fml.FlexoConceptInstanceType&lt;http://www.openflexo.org/MULTIProcessChallenge/MetaModel.fml#TaskType&gt;" userID="SYL" flexoID="1327" />
    </CreationScheme>
    <ActionScheme id="SYL-1265" label="isAuthorizedProducedArtifact" name="isAuthorizedProducedArtifact" width="800" height="600" userID="SYL" flexoID="1265">
      <BehaviourControlGraph_DeclarationAction id="SYL-1276" variable="returned" ownerContext="controlGraph2" userID="SYL" flexoID="1276">
        <AssignableAction_ExpressionAction id="SYL-1275" expression="super.isAuthorizedProducedArtifact(parameters.artifact)" userID="SYL" flexoID="1275" />
      </BehaviourControlGraph_DeclarationAction>
      <GenericBehaviourParameter id="SYL-1274" isRequired="true" widget="CUSTOM_WIDGET" name="artifact" type="org.openflexo.foundation.fml.FlexoConceptInstanceType&lt;http://www.openflexo.org/MULTIProcessChallenge/MetaModel.fml#Artifact&gt;" userID="SYL" flexoID="1274" />
    </ActionScheme>
  </FlexoConcept>
  <FlexoConcept id="SYL-1279" visibility="Public" parentFlexoConceptsList="http://www.openflexo.org/MULTIProcessChallenge/MetaModel.fml#TaskType" name="SoftwareEngineeringTaskType" userID="SYL" flexoID="1279">
    <Inspector id="SYL-1280" inspectorTitle="SoftwareEngineeringTaskType" userID="SYL" flexoID="1280" />
    <DeletionScheme id="SYL-1285" label="delete" name="delete" width="800" height="600" userID="SYL" flexoID="1285">
      <BehaviourControlGraph_EmptyControlGraph id="SYL-1290" userID="SYL" flexoID="1290" />
    </DeletionScheme>
    <CreationScheme id="SYL-1286" label="create" name="create" width="800" height="600" userID="SYL" flexoID="1286">
      <BehaviourControlGraph_ExpressionAction id="SYL-1287" expression="super.create(parameters.name)" userID="SYL" flexoID="1287" />
      <GenericBehaviourParameter id="SYL-1288" widget="TEXT_FIELD" name="name" type="java.lang.String" userID="SYL" flexoID="1288" />
    </CreationScheme>
  </FlexoConcept>
  <Inspector id="SYL-2" inspectorTitle="AcmeMetaModel" userID="SYL" flexoID="2" />
  <ExpressionProperty id="SYL-1395" expression="this" name="acmeMetaModel" userID="SYL" flexoID="1395" />
</VirtualModel>
